id,name,salary,code
1,Rik Place,9404,USD
2,Andre Breache,5871,USD
3,Jessy Quarrington,2871,USD
4,Patric Perle,9401,USD
5,Margit McHan,5186,USD
6,Phoebe Wyche,6085,USD
7,Flory Maron,3949,USD
8,Jeth Northern,8940,USD
9,Ainslee Wain,6771,USD
10,Peggi Walewski,2510,CAD
11,Jamil Enocksson,1717,USD
12,Yevette Stoney,4767,CAD
13,Charlena Dyer,6654,USD
14,Sonny Winmill,9907,USD
15,Cully Railton,5566,CAD
16,Gilli Evequot,9425,CAD
17,Gibb Zimmermeister,3757,USD
18,Sianna Mulchrone,8341,USD
19,Vance Uridge,2765,USD
20,Dougy Pinnere,7974,USD
21,Francois Dollin,3160,CAD
22,Alvis Geater,2829,CAD
23,Rose Reubens,4415,CAD
24,Anatola McCloughen,7557,USD
25,Ewen Beavon,8298,USD
26,Tera Glavias,1688,USD
27,Tessi Rushworth,4182,USD
28,Curr Delepine,4113,USD
29,Seka Stigger,3227,CAD
30,Ericha Bywaters,6254,USD
31,Stafani Garlette,7897,USD
32,Justinn Cornner,5130,USD
33,Lewes McElrea,2206,CAD
34,Cyndy Boys,1932,USD
35,Abramo Masser,1350,USD
36,Jacques Whaymand,3093,USD
37,Janna Gludor,8246,USD
38,Ernest MacNeill,1719,USD
39,Neale Guillon,7042,USD
40,Garold Mulhill,8115,CAD
41,Tabbatha Barosch,9732,USD
42,Jeannine Newarte,8490,USD
43,Ozzie Cometto,8450,CAD
44,Arni Konertz,3591,USD
45,Dalila Artharg,6492,CAD
46,Veronica Kaasmann,5428,INR
47,Egan Godbert,9582,CAD
48,Morna Torregiani,6971,USD
49,Napoleon Tapscott,3750,USD
50,Rodger Wasson,1320,USD
51,Juditha Garside,6062,CAD
52,Violante Washington,4539,USD
53,Gerrard Dibben,8508,CAD
54,Edith Cisneros,8521,USD
55,Kele Brumfitt,8629,USD
56,Aurthur Watkiss,6230,USD
57,Bellina Cornillot,9010,USD
58,Layne Issatt,6373,USD
59,Cobby Walbridge,5058,CAD
60,Brenden Taysbil,7042,USD
61,Osborn McCoughan,5277,CAD
62,Merwin Josskowitz,1683,USD
63,Dillon Walsh,7211,USD
64,Faina Gilligan,9110,USD
65,Artie Ferrarini,9409,CAD
66,Joseito Abbatini,2624,USD
67,Cass Wakerley,3682,USD
68,Harmony Nutty,7658,USD
69,Emmaline Forseith,5744,USD
70,Em Grimley,6602,CAD
71,Roselia Kneaphsey,4566,USD
72,Lucias Colwell,1375,CAD
73,Augusta Antoniutti,3050,USD
74,Riane Coale,2015,USD
75,Eimile Baroche,9525,USD
76,Howie Torricella,2914,CAD
77,Miguela Cadalleder,6239,USD
78,Trstram Pyburn,6871,USD
79,Frasier Harrington,5686,USD
80,Tiebout Meneo,9628,USD
81,Adaline Scapens,5018,USD
82,Bryan Fairlam,4339,CAD
83,Olav Ashpital,6033,USD
84,Adelice Rother,4160,USD
85,Dulcea Stirton,1826,USD
86,Myrtle Haddleston,9531,CAD
87,Haze Rackam,8258,USD
88,Pavla Stickells,7436,USD
89,Base Ceccoli,8845,CAD
90,Arni McDonogh,1173,CAD
91,Wolf Skipworth,3178,CAD
92,Edsel Younghusband,8608,USD
93,Becki Ilchenko,1374,USD
94,Natal Bithell,1092,CAD
95,Phil MacPherson,4274,CAD
96,Dyan McLay,4616,CAD
97,Brewer Bacon,6985,USD
98,Roseann McCambrois,8397,USD
99,Sybil Hubbucks,3278,USD
100,Jen Saffin,8920,USD
101,Lesli Craigie,7575,USD
102,Mavra Le Merchant,3980,CAD
103,Darb Crannach,1354,USD
104,Kathi Sabattier,9467,CAD
105,Letisha Neilus,5922,USD
106,Nataline Smeeton,1830,USD
107,Mendel Stallon,4748,USD
108,Veronike Sartin,1739,USD
109,Che Tapply,6268,CAD
110,Liliane Blench,1796,USD
111,Clayborn Tunnah,9605,CAD
112,Artair MacComiskey,2800,USD
113,Waldo Perell,1442,USD
114,Aggy Plesing,8146,USD
115,Beckie Maisey,8021,USD
116,Toby Sheen,7705,CAD
117,Laverna Lundbeck,7593,CAD
118,Cecelia Greber,4673,USD
119,Salomi Dower,2930,USD
120,Ferdy Mountcastle,9751,CAD
121,Jefferson Scarborough,5130,CAD
122,Melisandra Edmons,1701,USD
123,Neddy Tschiersch,9556,CAD
124,Padraig Bows,1571,USD
125,Warden Gillie,5905,USD
126,Murry Banke,1834,USD
127,Frank Magauran,1110,USD
128,Fayre Farndon,5449,USD
129,Bob Myerscough,8188,CAD
130,Amil Pietrzak,7588,CAD
131,Blane Stonham,6874,USD
132,Ivan Izakov,4061,USD
133,Jules Standbrook,7231,CAD
134,Wilden Clothier,7089,USD
135,Roxine Vettore,2093,USD
136,Abagael Dyzart,8473,USD
137,Horten Maylott,4553,CAD
138,Karoline Erskin,3142,USD
139,Demetria Zamorrano,7227,USD
140,Camila Benbough,4854,CAD
141,Ewell Buston,7169,CAD
142,Whitney Bossel,9152,USD
143,Webb Cloney,2230,USD
144,Nicki Shardlow,3864,USD
145,Kimberlyn Peret,9590,USD
146,Natalya Hulland,2237,USD
147,Arvin Blannin,7316,USD
148,Felice Blas,3740,USD
149,Clemente Tuer,1885,USD
150,Albrecht Dabney,1425,USD
151,Elvin Toward,9946,USD
152,Camella Dewdney,4780,CAD
153,Nathan Reichardt,9146,USD
154,Theadora Barette,9848,CAD
155,Josephine Poluzzi,2000,CAD
156,Aprilette Goady,9675,USD
157,Clarine Daveran,2090,USD
158,Terrijo Quoit,8856,CAD
159,Forbes Dytham,3874,USD
160,Gabriello Sollars,2394,CAD
161,Even Palser,2074,USD
162,Fletcher Pettiford,2090,USD
163,Rochette Boots,9568,USD
164,Stan Minghetti,3255,CAD
165,Florie Youster,5083,CAD
166,Adrian Baus,3287,CAD
167,Dyanna Derill,8301,USD
168,Davidde Petrovic,3526,CAD
169,Arlina Fydo,8848,CAD
170,Redford Zucker,2023,USD
171,Gonzalo Condie,6102,USD
172,Fidelia Lomb,7962,USD
173,Teirtza Pritchard,6120,USD
174,Katusha Arrighini,9361,CAD
175,Persis Estrella,5679,USD
176,Hunt Geale,2299,USD
177,Whitney Mewitt,5108,USD
178,Carole Macrow,2925,CAD
179,Angel Withers,5879,USD
180,Biddie Synan,6427,USD
181,Genevra Collin,4640,CAD
182,Arnoldo Rusk,7162,CAD
183,Gregor Dzeniskevich,8335,USD
184,Hugo Bracer,5121,CAD
185,Ilaire Purdom,2230,USD
186,Tiffanie Antrack,3136,USD
187,Hershel Astridge,5949,CAD
188,Aurthur Kennion,1451,USD
189,Carmelle Winchurch,9618,CAD
190,Eugen Levee,4697,USD
191,Nisse Ronan,8061,CAD
192,Georgie Gogie,6559,USD
193,Johnny Hatherley,3578,CAD
194,Gerik Peace,2247,CAD
195,Goldy Gehringer,3303,USD
196,Alanah Delgaty,8529,CAD
197,Lana Godridge,3958,CAD
198,Rayner Beddard,4158,CAD
199,Prudy Shillam,9423,CAD
200,Cindra Antonignetti,6133,USD
201,Alexia Petracco,3915,CAD
202,Truman MacParland,7749,USD
203,Bob Fogel,3056,CAD
204,Holly Arbuckle,3918,USD
205,Doris Risbie,3632,USD
206,Friedrick Baldin,4825,USD
207,Tomasina Splevin,3871,USD
208,Violette Wingatt,2774,USD
209,Jacqueline Balma,1715,USD
210,Haily Grason,8793,CAD
211,Wait Hane,4778,USD
212,Darill Selvey,1126,USD
213,Leah Marzella,6665,CAD
214,Laetitia Aizkovitch,6502,USD
215,Lucretia Chainey,1301,USD
216,Skipton Blasik,2895,USD
217,Evangelia Lippiatt,6884,USD
218,Isa Renfield,3228,USD
219,Moina Roscamps,9724,CAD
220,Aurea Howlings,8318,USD
221,Pauline Brisbane,8475,USD
222,Seamus Frankton,3180,CAD
223,Maddy Eve,7404,USD
224,Adriane Ibbott,6634,CAD
225,Auroora Joriot,6956,USD
226,Isidor Golden of Ireland,2339,USD
227,Hans Slatcher,5352,CAD
228,Tuckie Bernolet,1210,USD
229,Austin Zuppa,5629,USD
230,Nobie Rasor,3329,CAD
231,Tyler Mugleston,9641,USD
232,Lanny Humbey,4061,CAD
233,Cass Eyes,2351,USD
234,Olympia Bakeup,9827,USD
235,Phillip Hadenton,1738,CAD
236,Licha Fuxman,4418,CAD
237,Melitta Moisey,9218,USD
238,Lorette Wollrauch,3858,USD
239,Martie Lynes,4839,CAD
240,Ronni Alwood,9426,CAD
241,Crystie Coggill,2673,USD
242,Waverley Bastone,3382,CAD
243,Amory Passingham,1382,USD
244,Grazia Simanenko,1067,USD
245,Emilio Loines,8276,USD
246,Marlene Reiglar,9934,USD
247,Vaughn Papa,1545,USD
248,Loralie Madsen,7441,CAD
249,Olva Simonnet,8697,USD
250,Kiah Claxton,8909,USD
251,Hobart Willerstone,2931,USD
252,Lorain Dewer,8346,CAD
253,Jaclyn O'Loghlen,4151,CAD
254,Dosi Randell,1540,CAD
255,Pearce Top,4687,CAD
256,Munmro Whistlecroft,5164,USD
257,Noak Sennett,6409,USD
258,Goldia Pafford,7944,CAD
259,Ursa Warland,5737,CAD
260,Judah Roget,9633,USD
261,Peyton Esmond,4339,USD
262,Anna Acutt,2403,USD
263,Gil Golling,4301,USD
264,Granny Mcwhinnie,8283,CAD
265,Davie Borleace,4236,USD
266,Kat Kaman,8043,CAD
267,Jolyn Willingam,9403,CAD
268,Andreas Thistleton,5443,CAD
269,Greggory Withrington,6400,CAD
270,Joline Tibbles,6012,USD
271,Adriane Handmore,2975,CAD
272,Sherman Christophle,3317,CAD
273,Hulda Skokoe,2094,USD
274,Kate Massei,5110,CAD
275,Kendra Stummeyer,7104,CAD
276,Stephanie Mathonnet,8272,USD
277,Olvan Jurczak,5801,USD
278,Blondy Vasishchev,2114,CAD
279,Hank Peeke,8551,CAD
280,Papagena Castanone,9729,USD
281,Lynne Brabin,2442,USD
282,Rosina Baldick,1107,USD
283,Cleveland Cogle,5343,USD
284,Jeannie Cristea,1950,CAD
285,Jacob Hammon,7594,CAD
286,Lonni Revie,9079,CAD
287,Amberly Brandsen,2327,CAD
288,Hubert Gear,5087,USD
289,Uriel Evison,1573,CAD
290,Nedda Sonnenschein,7178,CAD
291,Carr Cresar,6851,CAD
292,Darbie Golby,1235,USD
293,Quillan Goldston,1625,USD
294,Eartha Goldsbrough,9604,CAD
295,Barclay Margarson,4047,CAD
296,Nonie Mathiassen,2305,USD
297,Christiano Pascow,4933,USD
298,Caspar Cleiment,1473,CAD
299,Cassius O'Gready,9769,CAD
300,Sharona Pheasant,2197,USD
301,Felix Edkins,7685,CAD
302,Raffarty Gipps,7265,CAD
303,Netti Davidwitz,1777,USD
304,Anders Shoubridge,8931,USD
305,Jules Mahon,7482,USD
306,Felicia Holbury,8308,USD
307,Othella Atter,4448,USD
308,Sasha Runnett,4457,CAD
309,Dian Aysh,9396,CAD
310,Genia Rentoll,6214,USD
311,Kiel Straniero,5570,USD
312,Mayer Paulson,6048,USD
313,Hobart Conibear,9590,USD
314,Galvan Lumox,6252,USD
315,Mathilde Behnecke,3019,USD
316,Al Hanshaw,2174,USD
317,Georgeta Bendan,2248,CAD
318,Marcia Adshed,2393,USD
319,Ellyn Lope,8176,USD
320,Ileane Malthouse,9641,CAD
321,Maitilde Hawkey,2179,USD
322,Edie Luxon,2221,CAD
323,Isobel Vamplers,4028,CAD
324,Caldwell Wrixon,7428,CAD
325,Worthington Mattimoe,4036,USD
326,Curtis Hazlegrove,2382,CAD
327,Imelda Varran,1241,USD
328,Buffy Millins,4979,CAD
329,Barbette Gocher,6866,USD
330,Willdon Bedboro,3229,USD
331,Carmela Dionisetti,1005,USD
332,Paco Wehnerr,7258,USD
333,Aeriell O'Nion,3165,USD
334,Bernardo Kingscott,1302,CAD
335,Bab Tzar,9858,CAD
336,Desiree Pietersen,4675,CAD
337,Maxie Viel,4202,USD
338,Raul Lickess,5357,USD
339,Heidie Wyne,2306,USD
340,Nicolais Gaddas,5989,USD
341,Charmian Vaszoly,4053,USD
342,Efren Woollends,7899,USD
343,Reggis Sambell,8171,USD
344,Glyn Corps,8726,USD
345,Ursa Afield,4591,USD
346,Mohandas Sawter,3531,CAD
347,Roxanna Ferrarotti,5336,USD
348,Godfree Goward,3928,USD
349,Lutero Godby,3424,USD
350,Eugenio Niessen,2434,USD
351,Margaretta Juhruke,6075,USD
352,Christoforo Dockreay,7628,USD
353,Aileen Lisamore,4288,USD
354,Court Najara,3510,USD
355,Prue Gerlts,2515,CAD
356,Maureen Reddy,1548,USD
357,Kassi Rolling,4622,CAD
358,Sandor Lucia,9428,USD
359,Nonie Dytham,8929,CAD
360,Felic MacElroy,9054,USD
361,Carmelita Dubery,3579,CAD
362,Art Seleway,7094,USD
363,Westbrook Eglington,1264,CAD
364,Maryann Gueste,8161,USD
365,Ibrahim Defew,5912,USD
366,Tabbie Robberts,9696,USD
367,Libbey Robjant,8817,USD
368,Demetria Buckerfield,6580,USD
369,Melamie McMaster,8203,CAD
370,Mychal Zotto,7269,USD
371,Lindy Whelpdale,6690,CAD
372,Henka Bromwich,8173,USD
373,Karney Wilgar,8969,USD
374,Titos Popelay,4344,CAD
375,Rog Dyer,8624,USD
376,Gertrude Mussington,4459,USD
377,Jule Santori,2172,USD
378,Roddie Malia,9954,USD
379,Lorin Corsor,2714,USD
380,Aurel Epple,1645,CAD
381,Nettle Lewknor,4479,USD
382,Augustina Martello,7385,USD
383,Chen Butterfill,2051,CAD
384,Zedekiah Speenden,8650,CAD
385,Fidole Avramchik,8850,CAD
386,Jonell Kuhnel,8908,USD
387,Fayre Ettritch,4635,CAD
388,Netti Northidge,8403,INR
389,Alonso Gettins,9834,CAD
390,Fayre Cannell,6490,USD
391,Zia Hawkeridge,8714,CAD
392,Doria Truitt,8622,USD
393,Pall Bunston,8429,CAD
394,Jessi Mulvin,9078,CAD
395,Koenraad Brimmell,9427,CAD
396,Catarina Orange,2669,CAD
397,Noby Dikelin,7141,USD
398,Henri Megainey,1119,USD
399,Cindie Dudson,4128,CAD
400,Otto Treacy,6175,USD
401,Mathilde Burcher,1956,USD
402,Mortie Matusiak,9546,CAD
403,George McCrisken,7494,USD
404,Emelda Crallan,1134,USD
405,Lynn Medlicott,3338,USD
406,Dolley Pearne,9274,CAD
407,Codie Oris,5827,CAD
408,Nico Valens-Smith,4041,CAD
409,Anthea Drains,9577,USD
410,Myra Semeniuk,1263,CAD
411,Elvina Griffitt,2675,USD
412,Kenyon Le Barr,2277,CAD
413,Charmane Woodier,3803,CAD
414,Annnora Evequot,8189,CAD
415,Lotty Trematick,8125,CAD
416,Alejandro Crick,9600,USD
417,Selle Faithorn,6648,CAD
418,Russ Zorro,7628,CAD
419,Modesty Halward,2100,USD
420,Odelia Barbrick,9961,CAD
421,Evonne Brasier,5388,USD
422,Doti Lathom,7008,USD
423,Farris Bruniges,6952,CAD
424,Lincoln Fripp,5239,USD
425,Celestyn Megarry,6418,USD
426,Waldemar Marcq,9564,USD
427,Toby Steger,8892,USD
428,Lucille Casserly,5651,USD
429,Kayle Camelia,8360,USD
430,Josiah Preedy,5597,CAD
431,Jephthah Heavens,9868,CAD
432,Gunner Rodolico,9963,CAD
433,Olwen Whyteman,7329,USD
434,Kelly Worsalls,4161,CAD
435,Sid Gladhill,8622,CAD
436,Coralie Rickard,9829,CAD
437,Jameson Embery,5906,USD
438,Wilt Lamden,8271,CAD
439,Minna Shay,4304,CAD
440,Nadeen Spering,7695,USD
441,Hodge Caswill,3754,USD
442,Stormy Kirtland,3794,CAD
443,Sapphire Bowry,7608,CAD
444,Meade Hinchshaw,9610,USD
445,Padriac Esposita,2446,USD
446,Hugh Hothersall,4408,CAD
447,Thaine Gludor,1805,CAD
448,Celesta Hankey,1982,USD
449,Warren Spatig,9308,USD
450,Baird Kaines,6507,USD
451,Lockwood Shera,4216,USD
452,Shelba Sandiford,9052,USD
453,Arlie McGerr,2504,USD
454,Mickie De Gogay,9222,CAD
455,Carolyne Sturrock,6364,USD
456,Lloyd Boness,5041,USD
457,Catie Humpherston,3747,CAD
458,Carter Harlowe,7022,USD
459,Elane Hundall,6282,USD
460,Courtney Nelsen,7623,USD
461,Marielle Rajchert,3214,USD
462,Ianthe Gobeau,4184,USD
463,Nora Parmeter,3424,USD
464,Willis Autry,9833,CAD
465,Pen Kewish,8193,CAD
466,Lettie Corteney,7886,CAD
467,Gusella Kliement,2415,CAD
468,Kiel Charlin,2838,CAD
469,Isac Snibson,1430,USD
470,Melba Davidwitz,2240,USD
471,Pauletta Crux,6262,USD
472,Stan Haberjam,4279,CAD
473,Lucina Templeton,6872,USD
474,Leesa Meran,9168,USD
475,Donelle Pirdy,7503,USD
476,Riva Kohrs,4149,CAD
477,Noelle Ives,5747,USD
478,Tova Nerheny,7814,USD
479,Wilt Capron,3596,CAD
480,Lavena Pinwell,5329,USD
481,Jan Awty,2319,CAD
482,Mohandis Onion,5013,USD
483,Yasmeen Menpes,5901,CAD
484,Jocelyne McCarthy,2733,USD
485,Olivette Leeman,4910,CAD
486,Sven Lavall,5249,USD
487,Ailina Milhench,3889,CAD
488,Byrann Caccavella,2423,USD
489,Myrtia Wagenen,3250,CAD
490,Banky Stollsteiner,4835,CAD
491,Marinna Hares,7845,USD
492,Nataline Szantho,7672,CAD
493,Teodor Headingham,7869,USD
494,Lauree Van den Hof,4343,USD
495,Minerva Trevance,6271,USD
496,Lily Gillions,3685,CAD
497,Farica Blazi,4459,CAD
498,Genevra Scallon,6971,USD
499,Claiborne Eskell,9840,USD
500,Renato Giffen,5091,USD
501,Juana Twycross,3944,USD
502,Honoria Batho,6487,USD
503,Arny Priter,2037,USD
504,Benetta Manlow,8434,USD
505,Mord Allwright,1404,USD
506,Hirsch Brindley,8546,USD
507,Jaquelin Legendre,9105,CAD
508,Philomena Ferriere,4407,USD
509,Felicdad Bortol,7884,USD
510,Octavius Ebbage,6146,USD
511,Cheryl Rheubottom,2307,CAD
512,Katherine Yaldren,1710,CAD
513,Fidel Cleynman,9058,USD
514,Andres Hrinishin,4522,CAD
515,Farleigh Abbotts,6792,CAD
516,Minnie Sabbatier,7317,CAD
517,Adelbert Sammons,1508,CAD
518,Winnah Frantz,5019,CAD
519,Ward Riccioppo,3917,CAD
520,Avrit Normanell,1074,USD
521,Giorgio Bernaldo,1163,USD
522,Lorilee Blumsom,1731,USD
523,Karlik Thombleson,1421,CAD
524,Birch Garforth,2543,USD
525,Berkly Pockey,7408,USD
526,Fayre McGenis,4106,USD
527,Hobie Bellworthy,8914,CAD
528,Margery Wyeth,4360,USD
529,Rosetta Scarlon,2735,USD
530,Durward Hendriksen,4973,CAD
531,Misha Goacher,1441,USD
532,Gustav Arboin,7306,USD
533,Eugine Febry,7654,USD
534,Joanna Walling,9834,CAD
535,Alano Pettiford,4091,USD
536,Phylis Breinl,4799,USD
537,Erl Billows,8407,USD
538,Prue Kynvin,9045,USD
539,Schuyler Langrick,7145,USD
540,Pippa Gosforth,7440,CAD
541,Clyve Dyte,6184,USD
542,Rickie Stonary,3063,USD
543,Josephine Ellery,5862,USD
544,Delmore Blanchflower,2708,CAD
545,Vonny Gammett,7800,USD
546,Albert Stileman,4836,USD
547,Janina Wakefield,4576,USD
548,Jacobo Burdfield,8169,USD
549,Jorrie Colcomb,7016,USD
550,Corney Mougin,8815,USD
551,Stacy Jago,1909,USD
552,Kirbie Amthor,6474,USD
553,Chiarra Sumner,1040,CAD
554,Jamaal Brennand,2605,CAD
555,Natalee Ouldcott,1511,USD
556,Brander Bradock,1690,USD
557,Norbert Lannin,5752,USD
558,Dreddy Fort,8874,USD
559,Junette Fremantle,8964,USD
560,Katalin Challender,3327,USD
561,Eleen Stanger,6374,CAD
562,Jobie Yes,7575,USD
563,Mahmud Seamer,9259,USD
564,Christie Jillins,2311,CAD
565,Hanni Lampl,9525,CAD
566,Cherri Ungerechts,4216,CAD
567,Min Stanbro,2482,CAD
568,Myrvyn Mapletoft,8851,USD
569,Jacobo Mattsson,9223,CAD
570,Axe Grangier,9814,USD
571,Stace Groneway,5638,USD
572,Lowe Jarvis,4503,CAD
573,Ronni Poll,9979,CAD
574,Aurthur Pennycock,9209,CAD
575,Lisle Vashchenko,7618,CAD
576,Isis Triggel,8767,CAD
577,Georgeanna Liverock,8086,CAD
578,Homerus Whiteoak,6373,USD
579,Amity Moxted,2285,CAD
580,Lisetta Peasgood,7886,CAD
581,Ann Edinburgh,9276,USD
582,Gabriel Sciacovelli,6286,USD
583,Conni Fernihough,4412,USD
584,Carolee Yukhov,2724,CAD
585,Anselma Emmins,9540,CAD
586,Micheil Huckstepp,6312,USD
587,Griselda Deniscke,9147,CAD
588,Paulette Wollard,1158,CAD
589,Ringo Sowrah,4955,USD
590,Cecelia Frazier,4994,CAD
591,Paula Pele,4892,USD
592,Bartie Duckworth,6624,CAD
593,Nil Amiss,9391,USD
594,Dylan Bricksey,4872,CAD
595,Giordano Elstow,6506,CAD
596,Vladamir Lambswood,2747,USD
597,Eugenius Killick,5659,USD
598,Pammi Shane,8795,CAD
599,Mandy Keeltagh,4240,USD
600,Kym Ahrens,7970,CAD
601,Zsa zsa Besson,1786,USD
602,Genny Kerwen,2895,USD
603,Cory Chicotti,8967,CAD
604,Hakeem Giorgio,6576,USD
605,Glynda Mabone,9007,USD
606,Dolli Walmsley,2197,USD
607,Giff Langtry,6797,CAD
608,Rhodie Dignum,3060,USD
609,Adams Blacket,7529,CAD
610,Fred Fredson,3415,CAD
611,Emanuel Romanini,3423,USD
612,Morse Wonfor,7982,USD
613,Anita Hoodlass,5553,CAD
614,Jorgan Holwell,3894,CAD
615,Meredithe Delagua,9155,CAD
616,Herculie Statter,2955,USD
617,Mychal Sandaver,7477,USD
618,Ilyssa McPeck,4552,USD
619,Karia Diglin,4870,USD
620,Terri-jo Beverley,4420,CAD
621,Lib Bent,9323,CAD
622,Pepita Uden,5749,USD
623,Perri Mithun,9410,CAD
624,Neely Bernth,3994,USD
625,Loreen Littrik,5528,USD
626,Rand Pinching,3689,USD
627,Lyn Quinsee,2319,USD
628,Sonia Scoggin,6053,USD
629,Rowney Haith,3073,CAD
630,Berty Olivas,3301,USD
631,Alla McCauley,8647,USD
632,Korrie Nutt,6279,USD
633,Judi Schollar,7568,USD
634,Gabriel Pohl,9297,USD
635,Nikki Ricarde,1126,USD
636,Shandeigh Cordeau],4116,CAD
637,Shanon Davidofski,1585,CAD
638,Dagny Perago,2206,USD
639,Atalanta Feathers,3417,CAD
640,Armand Aglione,9161,CAD
641,Natala Andor,7006,USD
642,Hugo Beauchamp,5558,USD
643,Gweneth Allgood,9731,USD
644,Angelika Titford,8022,USD
645,Cecil Domerq,4081,CAD
646,Lammond Vaskov,6996,USD
647,Sibel Rae,9177,USD
648,Madelene Praundl,6395,USD
649,Sigismundo Brend,5489,CAD
650,Reuven Hoston,5978,CAD
651,Belita Wearne,9178,USD
652,Farica Cormack,9243,USD
653,Stevy Palluschek,5070,USD
654,Kaleb Petrasek,5141,USD
655,Northrup Dwine,4934,CAD
656,Jenica Mullin,6337,USD
657,Irina Fenemore,4866,USD
658,Daphna Wanjek,2359,USD
659,Cissy Orrett,3220,USD
660,Gloria Muzzlewhite,7742,CAD
661,Gwyneth Rivelon,4062,USD
662,Bernardine Pray,3242,USD
663,Frederik Augur,6811,USD
664,Germain Beven,2815,USD
665,Dulce Cahill,3303,CAD
666,Zita Poley,8226,CAD
667,Fanchette Hrinchenko,6606,USD
668,Henryetta Tills,9116,USD
669,Easter Kiely,8225,CAD
670,Panchito Housden,4969,USD
671,Mitzi Farney,9732,USD
672,Brit Benzies,1858,USD
673,Lynette Stainland,4537,USD
674,Christophe Phelips,8437,USD
675,Sinclair Orum,9241,USD
676,Sindee Beel,1928,CAD
677,Feodora Campkin,2076,USD
678,Florinda Endrighi,8287,USD
679,Kimball Alderson,7943,CAD
680,Vanny Junes,5613,USD
681,Lorene Hartigan,9803,CAD
682,Farrell Brambley,6744,USD
683,Ebba Dickerson,8748,USD
684,Worden Pendlebury,5891,CAD
685,Alex Hallam,4587,USD
686,Rossie Maryan,4949,USD
687,Melessa Garside,5684,USD
688,Bell Hennington,1040,CAD
689,Dione Odell,2059,CAD
690,Irvin Spikeings,5206,CAD
691,Nicoline Copperwaite,7747,USD
692,Jaquenette Symington,2738,USD
693,Kelcey Etheredge,2726,USD
694,Noreen Bortolutti,3960,USD
695,Emmery Grent,8821,USD
696,Michaeline Gilfoy,1461,USD
697,Kevyn Sancho,5329,USD
698,Beryl Walford,3689,USD
699,Anestassia Fuster,3078,USD
700,Teodoor Kisbee,2267,USD
701,Melamie Arkle,5946,USD
702,Heriberto Harron,6360,USD
703,Merwin Giampietro,4232,CAD
704,Tallulah Seif,2698,CAD
705,Timmy Woolfall,1500,USD
706,Brooke Harbard,5867,USD
707,Marinna Sarvar,2617,CAD
708,Cyrus Sorrell,4550,USD
709,Theodor Paulton,3143,USD
710,Marcos Bowfin,1281,USD
711,Chan Collocott,7062,CAD
712,Reena Dofty,2010,CAD
713,Amitie Cawsey,1765,CAD
714,Cori Aggett,1760,CAD
715,Alain Neeves,5585,USD
716,Lola Samme,1917,CAD
717,Ranice covino,1774,CAD
718,Alard Reavell,1013,USD
719,Annalee Spybey,3471,USD
720,Gwenni McPhee,1649,CAD
721,Sheffie Fulloway,4900,CAD
722,Miguel Croxon,9046,USD
723,Mikaela Larder,2212,USD
724,Petunia Vasilchenko,6046,USD
725,Marlena Swift,8877,USD
726,Galina Ratlee,5119,CAD
727,Pembroke Lorman,1715,USD
728,Millisent Liverock,1402,CAD
729,Aurie Kayne,8800,CAD
730,Gav Briat,6513,CAD
731,Jackie Maus,5825,USD
732,Lindsy Preble,7198,USD
733,Monique Pleasants,1917,USD
734,Wainwright Pylkynyton,4199,USD
735,Wilow Yakutin,9280,CAD
736,Brandi Bines,5086,CAD
737,Sibby Pascow,9919,USD
738,Callean Colvill,7156,USD
739,Aeriela Wasmer,1495,USD
740,Melamie Dibner,4447,USD
741,Armand Padbery,8405,USD
742,Roby Enright,9266,USD
743,Chrysa Oxborrow,3339,USD
744,Arlie Simeoni,9903,USD
745,Carolann Jarvis,6257,USD
746,Glenn Penylton,7446,CAD
747,Bartholomeo Sillick,4728,USD
748,Xever Blackmore,6566,CAD
749,Michel Purser,5325,USD
750,Quinton Mercy,3716,USD
751,Trudie Lusher,2192,CAD
752,Enoch Bourges,1753,INR
753,Aloin Dwight,5702,USD
754,Bondie Preene,5309,USD
755,Gretta Annets,4578,CAD
756,Donovan Horsey,6761,USD
757,Codee Wilsher,9469,USD
758,Sonnie Garrettson,8890,USD
759,Stanley Topp,1665,USD
760,Mace Seaton,4838,USD
761,Christiana Marians,8913,USD
762,Daisy Marcombe,3305,CAD
763,Raoul MacKeague,3505,CAD
764,Abner Bisp,1058,USD
765,Skippy Dearth,7528,CAD
766,Andee Burnyate,8115,USD
767,Jo-ann Fortnam,2717,USD
768,Bethanne Forth,9636,USD
769,Derward Francino,4353,USD
770,Freda Longhorne,5671,USD
771,Mariana Bullcock,9367,CAD
772,Anne-marie Brennen,8887,CAD
773,Nap Noye,1580,USD
774,Dulciana Adamiak,9489,USD
775,Etienne Lusty,2772,USD
776,Elicia Cutler,6676,USD
777,Inesita Dimberline,8683,USD
778,Laurel Conibear,4470,USD
779,Misti Duferie,8871,USD
780,Leonid Cottem,7693,USD
781,Brigid Marrill,1354,USD
782,Karyl Saltsberg,1081,USD
783,Tallia Kluss,7489,USD
784,Udall Caldayrou,4572,USD
785,Hyatt Jelly,4566,USD
786,Emmery Croney,5933,USD
787,Maryann Trevaskus,4662,USD
788,Jocko Lightowler,7375,CAD
789,Fayette Hurry,1086,USD
790,Hillel Partington,6488,USD
791,Felic Van Arsdale,1452,USD
792,Sonnnie Pherps,8734,CAD
793,Kahlil Darch,5610,USD
794,Glenda O'Caherny,9722,USD
795,Charlena Paolotto,4193,USD
796,Augustine Dagwell,2437,USD
797,Georgi Verheyden,9871,USD
798,Ulla Braidwood,1594,CAD
799,Lynnette Belz,9617,USD
800,Terrijo Doxey,3532,CAD
801,Ahmed Bushel,4406,USD
802,Goldie Saltsberger,3999,USD
803,Reinold Ruthen,2709,CAD
804,Cindelyn Bartocci,5435,USD
805,Cullin Romke,2944,CAD
806,Bambie Finn,8036,CAD
807,Milt Spours,6057,USD
808,Carlene Beldham,8020,CAD
809,Fred Iorio,2707,USD
810,Marrissa Yoakley,6523,USD
811,Iosep Stuer,6722,USD
812,Friederike Olenichev,7280,CAD
813,Bernadette Kerner,8658,CAD
814,Thornton Bestwerthick,9101,USD
815,Vallie Gerhardt,5824,CAD
816,Kitty Karpov,9956,USD
817,Etheline Jacquemet,8516,CAD
818,Jordan Chatters,7540,USD
819,Becca Upton,7405,USD
820,Sly Franchioni,8407,USD
821,Hillie Krates,3277,CAD
822,Kelli Lott,6934,CAD
823,Hermia Lissenden,2282,USD
824,Tove Dubois,9029,USD
825,Veriee Worrell,1375,USD
826,Casi Bodker,8477,CAD
827,Madelle Dudlestone,3032,USD
828,Bernice Vanin,6439,USD
829,Gav Kinworthy,8970,CAD
830,Arvy Myott,7430,USD
831,Gare Kedie,7642,USD
832,Sabina Hynam,8458,USD
833,Kaiser Lorenzetto,9926,USD
834,Gayel Buffery,4234,CAD
835,Eduardo Rapps,2684,CAD
836,Reta Gouley,8381,CAD
837,Conrad Idel,2674,CAD
838,Rowena Shout,5317,USD
839,Sherie Pottberry,2937,CAD
840,Theresita Antoons,8509,USD
841,Elnora Neild,9232,CAD
842,Alvie Jakubovicz,7516,USD
843,Erny Twelves,1704,USD
844,Leupold Shambrooke,5079,USD
845,Pierce Sowter,4415,USD
846,Justinian Reisenstein,9075,CAD
847,Lydia Creavan,9159,USD
848,Minta Donisi,4417,USD
849,Yelena Haggerston,8001,CAD
850,Krystal Cominello,8258,CAD
851,Kerrill Durnan,8564,USD
852,Daniele Eakens,5960,CAD
853,Jorge Brade,8319,USD
854,Alanah Schmidt,6020,CAD
855,Galen Lathe,7060,USD
856,Anthiathia Beert,7452,USD
857,Inessa Augustus,4752,CAD
858,Arvy Charity,2281,USD
859,Benni Oake,8504,CAD
860,Dela Najera,2183,USD
861,Mariann Veare,8091,USD
862,Garrek Wardley,7736,USD
863,Budd Colbrun,2960,CAD
864,Lynnette Madgin,1650,CAD
865,Astra Canto,1556,USD
866,Bennie Lovelady,3495,CAD
867,Opal Danilchev,1019,CAD
868,Mara Fautly,6420,USD
869,Konstance Spaughton,7921,USD
870,Hermann Heinz,9206,USD
871,Hana Schimmang,5928,CAD
872,Laraine Atto,6322,USD
873,Annette Cogar,2510,USD
874,Ellyn Clout,8805,CAD
875,Flinn Grancher,5903,CAD
876,Beitris Le land,9458,USD
877,Ora Mangeney,3044,USD
878,Carlota Jaggi,9367,USD
879,Willey Marunchak,3018,USD
880,Bevvy Franzewitch,3453,USD
881,Currey Halesworth,7725,USD
882,Freemon Beazer,9041,CAD
883,Freddy Keeltagh,3573,CAD
884,Mateo Boggers,7150,CAD
885,Amara Aggio,9701,USD
886,Any Aiken,3971,USD
887,Edmon Oakwell,2318,USD
888,Bryant Queste,2316,USD
889,Brandise Antliff,3580,USD
890,Barbi Chidler,8904,CAD
891,Valdemar Wrightson,2256,CAD
892,Vernor Digger,4765,USD
893,Mariejeanne Elderkin,4324,CAD
894,Irv Maier,4220,USD
895,Mindy Woodwind,8164,USD
896,Duncan Jotcham,3773,CAD
897,Miranda Di Ruggiero,8579,USD
898,Cheslie Hame,9623,USD
899,Leighton Blick,8895,USD
900,Rad Giovannacc@i,5406,CAD
901,Stace Duprey,9904,CAD
902,Reinhard Hegley,3993,USD
903,Annaliese Dunnan,6276,CAD
904,Jennica Duprey,9500,CAD
905,Maiga Knightly,1383,CAD
906,Petronella Drake,4377,USD
907,Avis McCart,3683,CAD
908,Fairleigh Milborn,8139,CAD
909,Burke McKinstry,5330,CAD
910,Oralie Brockbank,1831,USD
911,Adler Surgey,8483,USD
912,Leshia Margaret,6970,USD
913,Fiorenze Primett,1864,CAD
914,Alessandra Dobson,4433,USD
915,Timmy Hamnett,3813,CAD
916,Ad Tafani,9483,USD
917,Aurie Crabbe,5821,USD
918,Cy Radmer,3516,CAD
919,Frasier Paraman,8055,USD
920,Ezekiel Greenstreet,7228,CAD
921,Carol Hindhaugh,7271,USD
922,Willard Springate,5774,USD
923,Brocky Noad,4371,USD
924,Andrej Kilday,9424,USD
925,Hodge Lorden,2039,CAD
926,Feodor Lipprose,2420,USD
927,Brita Beckensall,7219,USD
928,Sybila Buske,6563,USD
929,Shawna Bang,7788,USD
930,Shelba Paolino,1050,USD
931,Lou Janway,5576,USD
932,Brennen Champness,2441,USD
933,Haslett Pointer,8723,CAD
934,Laurie Livock,9824,USD
935,Susette Bradder,8925,CAD
936,Oriana Cancellor,7489,CAD
937,Muhammad Gronaller,7015,USD
938,Neil Dibdin,1521,CAD
939,Bruce Sandell,6819,USD
940,Hakeem Slowly,2405,CAD
941,Jere Minchinton,7919,USD
942,Moria Arnaldo,1112,CAD
943,Pepito Gosson,2326,USD
944,Dannye Auger,7789,CAD
945,Kyle Spinney,9276,USD
946,Erasmus McCarlich,2104,CAD
947,Doe Dearnley,3176,USD
948,Arlina Gridon,4800,CAD
949,Mariam Doumenc,6953,CAD
950,Dom Huyton,1950,CAD
951,Gilemette Jouannin,7082,USD
952,Tibold Doumerc,2633,USD
953,Julianne Willett,3886,USD
954,Kenny Sibborn,8963,CAD
955,Cy Gravener,8862,CAD
956,Arlan Drummond,3153,USD
957,Paulie Raiston,9464,CAD
958,Gasparo Bruck,9955,USD
959,Christie Oleszkiewicz,4107,USD
960,Gilemette Rudham,1541,USD
961,Jeffrey McVaugh,7850,USD
962,Kalie O'Rowane,9398,USD
963,Geoffrey Rustidge,1624,USD
964,Kandy Nickols,6206,USD
965,Laryssa Seviour,3310,USD
966,Kalvin Corrington,5713,CAD
967,Jena Willshear,8169,USD
968,Cristian McDuffy,4754,USD
969,Tandy Jales,3198,CAD
970,Ronna Tilbury,1116,CAD
971,Tobie Stoute,9216,USD
972,Nanon Poznanski,9066,USD
973,Sacha Janowicz,9492,USD
974,Earlie Itzkovsky,2855,USD
975,Joyann Jezzard,4565,USD
976,Nada Hughes,9893,USD
977,Brantley Izaac,1405,CAD
978,Clementius Coleson,4290,USD
979,Karmen Bugler,8237,CAD
980,Lazaro Bogey,6464,USD
981,Harlan Wadeling,9785,USD
982,Mervin Skase,3851,USD
983,Cleo Feavers,5307,USD
984,Barnabe Godly,7364,CAD
985,Almire Blesing,6196,USD
986,Lela Sleith,7301,USD
987,Dillon Austen,4341,USD
988,Fidela Penzer,5731,USD
989,Romain Greystock,3573,USD
990,Alfy Fownes,2698,USD
991,Letti Gatecliffe,1371,USD
992,Nial Gumly,7510,USD
993,Tedman Pudan,3907,USD
994,Darsey Wonfor,3921,CAD
995,Tamarah Norwood,8754,USD
996,Parker Tulip,3625,USD
997,Rolfe Fergie,5611,USD
998,Gina Kobera,7016,USD
999,Hanan Fogarty,3946,CAD
1000,Bethina Chaplain,5903,USD
